No,Event
1,Loaded 16 teams.
2,Generated complete 15-match tournament schedule.
3,Match 1 completed. Winner: Team Iron.
4,Advanced Team Iron to Match 9.
5,Match 2 completed. Winner: Team Bravo.
6,Advanced Team Bravo to Match 9.
7,Match 3 completed. Winner: Team CyberX.
8,Advanced Team CyberX to Match 10.
9,Match 4 completed. Winner: Team Delta.
10,Advanced Team Delta to Match 10.
11,Match 5 completed. Winner: Team Matrix.
12,Advanced Team Matrix to Match 11.
13,Match 6 completed. Winner: Team Nova.
14,Advanced Team Nova to Match 11.
15,Match 7 completed. Winner: Team Ghost.
16,Advanced Team Ghost to Match 12.
17,Match 8 completed. Winner: Team Hunter.
18,Advanced Team Hunter to Match 12.
19,Preliminary Round simulated.
20,Match 9 completed. Winner: Team Bravo.
21,Advanced Team Bravo to Match 13.
22,Match 10 completed. Winner: Team CyberX.
23,Advanced Team CyberX to Match 13.
24,Match 11 completed. Winner: Team Nova.
25,Advanced Team Nova to Match 14.
26,Match 12 completed. Winner: Team Hunter.
27,Advanced Team Hunter to Match 14.
28,Round 2 simulated.
29,Match 13 completed. Winner: Team Bravo.
30,Advanced Team Bravo to Match 15.
31,Match 14 completed. Winner: Team Hunter.
32,Advanced Team Hunter to Match 15.
33,Semi-Finals simulated.
34,Match 15 completed. Winner: Team Hunter.
35,Tournament champion declared: Team Hunter.
36,Finals simulated.
37,Full tournament simulation completed.
